Annual Distance (miles/vehicle),2020.0
LDVs,7971.283792178
HDVs,29999.446619242
aircraft,1179580.202082871
rail,16595.495810985
ships,45848.79862174
motorbikes,0.0
