Annual Distance (miles/vehicle),2020.0
LDVs,8805.369570388
HDVs,14863.613101495
aircraft,1484882.837401033
rail,404774.96
ships,161.054803612
motorbikes,1735.619839476
