Annual Distance (miles/vehicle),2020.0
LDVs,8866.798961286
HDVs,8254.28724071
aircraft,1328887.072604808
rail,404774.96
ships,151.515810666
motorbikes,1507.348013325
