Annual Distance (miles/vehicle),2020.0
LDVs,7735.897446625
HDVs,30328.506735312
aircraft,1037678.668865674
rail,16180.990902068
ships,41907.474917679
motorbikes,0.0
