Annual Distance (miles/vehicle),2020.0
LDVs,8832.392102887
HDVs,14962.049085306
aircraft,1213629.85618566
rail,408001.111553785
ships,161.405808964
motorbikes,1741.352361656
