Annual Distance (miles/vehicle),2020.0
LDVs,7946.54502797
HDVs,29802.147790447
aircraft,1443222.635442668
rail,16486.564388017
ships,45547.490610831
motorbikes,0.0
