solar pv,Hour0,Hour1,Hour2,Hour3,Hour4,Hour5,Hour6,Hour7,Hour8,Hour9,Hour10,Hour11,Hour12,Hour13,Hour14,Hour15,Hour16,Hour17,Hour18,Hour19,Hour20,Hour21,Hour22,Hour23
Winter,0,0,0,0.0,0.0,0.0,0.003344782309058032,0.0735673855107406,0.14015548497159355,0.1513316182540456,0.14783640986752272,0.1466556659811908,0.15142477756743541,0.15075306262205848,0.13304311418829182,0.06583774353664049,0.007565826765879605,0.0,0.0,0,0,0,0,0
Spring,0,0,0,0.0,0.0021001174219802366,0.05215389058959734,0.14875394844699813,0.2278531622169207,0.2535838855613074,0.2600657170091763,0.26223822446039236,0.2596264365671423,0.2599932261581727,0.25486512858572047,0.24676127653848434,0.22092448869443737,0.14815174002829973,0.04353554506159482,3.841309350813587e-05,0,0,0,0,0
Summer,0,0,0,6.290351210129467e-06,0.009550032530442993,0.09998833096867413,0.20467736676539225,0.2514821642620105,0.2722725213243438,0.27699689493151763,0.27584810621475253,0.2750335590411016,0.27637596263579234,0.2748074262459039,0.26858648213133,0.25323280098862616,0.20924170957313565,0.10436886758173491,0.008736444901892185,0,0,0,0,0
Fall,0,0,0,0.0,0.0,0.006635553240167769,0.09966482968901783,0.19917653590507978,0.2302981595028308,0.2304201108685811,0.2232015631941404,0.21897340898459575,0.2184679646706879,0.2158165108495043,0.20096961633516502,0.14533409557193513,0.0510661460240795,0.0014363498764064515,0.0,0,0,0,0,0
Summer Peak,0,0,0,0.0,0.0009646626737161262,0.05892790352037065,0.1609317056632191,0.24441212935019155,0.2447182242370438,0.23895807500264266,0.25365990517418174,0.2614699625902296,0.279390426875033,0.3003996668362544,0.29030781117276266,0.27331490715114776,0.2224475023178859,0.09475028088471374,0.0006121897737044646,0,0,0,0,0
Winter Peak,0,0,0,0.0,0.0,0.0,0.0,0.022354202342844843,0.028207107603564808,0.04351185194617642,0.07390800177086627,0.08212618570271712,0.0651889352968936,0.031017615201026204,0.03380957159322384,0.03118457604840015,0.0,0.0,0.0,0,0,0,0,0
