Unit: dimensionless (ratio of electricity demand in this hour to annual demand),Hour0,Hour1,Hour2,Hour3,Hour4,Hour5,Hour6,Hour7,Hour8,Hour9,Hour10,Hour11,Hour12,Hour13,Hour14,Hour15,Hour16,Hour17,Hour18,Hour19,Hour20,Hour21,Hour22,Hour23
Winter,0.0009111589389806659,0.0009111589389806659,0.0009111589389806659,0.0009111589389806659,0.0009111589389806659,0.017894643673728637,0.023138258171592502,0.016269770539205388,0.011462044983139257,0.011462044983139257,0.011462044983139257,0.011462044983139257,0.011462044983139257,0.011462044983139257,0.011462044983139257,0.011462044983139257,0.06785895309380638,0.18377034628871627,0.16843277388246444,0.07448306239620046,0.014797566427613776,0.0009111589389806659,0.0009111589389806659,0.0009111589389806659
Spring,0.0,0.0,0.0,0.0,0.0,0.0,0.0,0.0,0.0,0.0,0.0,0.0,0.0,0.0,0.0,0.0032804254950404388,0.02578251191844202,0.12897729557366522,0.13152240475761234,0.06801851790606694,0.006227319955192596,0.0,0.0,0.0
Summer,0.09010263505789963,0.09010263505789963,0.09010263505789963,0.09010263505789963,0.09010263505789963,0.09010263505789963,0.09010263505789963,0.09010263505789963,0.09010263505789963,0.09652416295745757,0.2568878547572659,0.4045077056860578,0.5986037693877845,0.7849174422754516,0.95,0.95,0.95,0.95,0.95,0.752539600420284,0.3554378317430849,0.10139343460603754,0.09010263505789963,0.09010263505789963
Fall,0.014135791360361609,0.014135791360361609,0.014135791360361609,0.014135791360361609,0.014135791360361609,0.014135791360361609,0.014135791360361609,0.014135791360361609,0.014135791360361609,0.014135791360361609,0.014135791360361609,0.014135791360361609,0.017945663055834445,0.0390007757127094,0.07444001119979014,0.11349597168357603,0.16419061263651252,0.1802037474590723,0.13229487619990077,0.06441654653022444,0.014135791360361609,0.014135791360361609,0.014135791360361609,0.014135791360361609
Summer Peak,0.0,0.0,0.0,0.0,0.0,0.0,0.0,0.0,0.0,0.0,0.0,0.0,0.28742775766068607,0.7591588545240688,0.95,0.95,0.95,0.95,0.95,0.95,0.28742775766068607,0.28742775766068607,0.28742775766068607,0.28742775766068607
Winter Peak,0.0,0.0,0.0,0.0,0.0,0.0,0.0,0.0,0.0,0.0,0.0,0.0,0.0,0.0,0.0,0.0,0.0,0.0,0.0,0.0,0.0,0.0,0.0,0.0
