offshore wind,Hour0,Hour1,Hour2,Hour3,Hour4,Hour5,Hour6,Hour7,Hour8,Hour9,Hour10,Hour11,Hour12,Hour13,Hour14,Hour15,Hour16,Hour17,Hour18,Hour19,Hour20,Hour21,Hour22,Hour23
Winter,0.0,0.0,0.0,0.0,0.0,0.0,0.0,0.0,0.0,0.0,0.0,0.0,0.0,0.0,0.0,0.0,0.0,0.0,0.0,0.0,0.0,0.0,0.0,0.0
Spring,0.0,0.0,0.0,0.0,0.0,0.0,0.0,0.0,0.0,0.0,0.0,0.0,0.0,0.0,0.0,0.004761904761904762,0.0,0.0,0.0,0.0,0.0,0.0,0.0,0.0
Summer,0.0,0.0,0.0,0.0,0.0,0.0,0.0,0.0,0.0,0.0,0.0,0.0,0.0,0.0,0.0,0.0,0.0,0.0,0.0,0.0,0.0,0.0,0.0,0.0
Fall,0.0,0.0,0.0,0.0,0.0,0.0,0.0,0.0,0.0,0.0,0.0,0.0,0.0,0.0,0.0,0.0,0.0,0.0,0.0,0.0,0.0,0.0,0.004761904761904762,0.004761904761904762
Summer Peak,0.23333333333333334,0.16666666666666666,0.11904761904761904,0.07142857142857142,0.03333333333333333,0.01904761904761905,0.014285714285714285,0.01904761904761905,0.009523809523809525,0.004761904761904762,0.0,0.004761904761904762,0.004761904761904762,0.004761904761904762,0.004761904761904762,0.004761904761904762,0.0,0.0,0.004761904761904762,0.009523809523809525,0.01904761904761905,0.023809523809523808,0.0761904761904762,0.17142857142857143
Winter Peak,0.4428571428571429,0.5285714285714286,0.6571428571428571,0.7952380952380952,0.8904761904761904,0.9523809523809523,0.9238095238095237,0.8095238095238095,0.7,0.7,0.7809523809523808,0.8857142857142858,0.7952380952380952,0.6619047619047619,0.5333333333333333,0.42857142857142855,0.3333333333333333,0.2523809523809524,0.16666666666666666,0.10952380952380951,0.06190476190476191,0.05238095238095238,0.1,0.19047619047619047
