solar pv,Hour0,Hour1,Hour2,Hour3,Hour4,Hour5,Hour6,Hour7,Hour8,Hour9,Hour10,Hour11,Hour12,Hour13,Hour14,Hour15,Hour16,Hour17,Hour18,Hour19,Hour20,Hour21,Hour22,Hour23
Winter,0,0,0,0.0,0.0,0.0,0.009461338650854046,0.2080990281759391,0.3964558481129913,0.4280696190618513,0.41818277228242334,0.41484281866623185,0.42833313750072705,0.42643306688691157,0.37633718496142465,0.18623429869301703,0.021401347708587395,0.0,0.0,0,0,0,0,0
Spring,0,0,0,0.0,0.005940572599329909,0.14752697641681084,0.4207782007508564,0.6445250336813072,0.7173091687305143,0.7356442341367033,0.7417895753930818,0.7344016477317451,0.7354391802865392,0.720933402844402,0.6980101505933727,0.6249259923864846,0.41907474227098135,0.12314838369653626,0.00010865857706887641,0,0,0,0,0
Summer,0,0,0,1.779342795214834e-05,0.027014042633656515,0.28283558480513643,0.5789679872104455,0.7113640592659879,0.7701734497325106,0.7835372188751476,0.7802876563974462,0.7779835582694046,0.7817807964278034,0.7773438996137019,0.7597468025360758,0.7163160607401282,0.5918790794826395,0.29522674708089763,0.02471265875733714,0,0,0,0,0
Fall,0,0,0,0.0,0.0,0.018769896076937742,0.2819205012875861,0.5634078643619298,0.651441163098689,0.6517861252109237,0.6313671209814817,0.619407000666267,0.6179772574479774,0.6104771273344621,0.5684799257428192,0.41110451104631474,0.14445008867074743,0.0040629826835041445,0.0,0,0,0,0,0
Summer Peak,0,0,0,0.0,0.0027287277306955633,0.16668853147220106,0.45522525122661556,0.691365150998347,0.69223099729751,0.6759373442132605,0.7175242043397265,0.7396164038517041,0.7903077690027024,0.8497363104452549,0.8211896203395167,0.7731220318526486,0.6292341195917402,0.2680187862409152,0.0017316925983260304,0,0,0,0,0
Winter Peak,0,0,0,0.0,0.0,0.0,0.0,0.06323301760554141,0.07978904835620393,0.12308136331435468,0.2090625245979062,0.2323091858421011,0.18439902395508093,0.08773909164851887,0.09563665940755123,0.08821137144806233,0.0,0.0,0.0,0,0,0,0,0
