solar pv,Hour0,Hour1,Hour2,Hour3,Hour4,Hour5,Hour6,Hour7,Hour8,Hour9,Hour10,Hour11,Hour12,Hour13,Hour14,Hour15,Hour16,Hour17,Hour18,Hour19,Hour20,Hour21,Hour22,Hour23
Winter,0,0,0,0.0,0.0,0.0,0.0070623700394576855,0.15533450350573277,0.29593253206598163,0.31953047703155507,0.3121504885271337,0.3096573964581758,0.3197271790835837,0.3183088806512944,0.2809150541890282,0.13901368294118222,0.01597493150163277,0.0,0.0,0,0,0,0,0
Spring,0,0,0,0.0,0.0044343114109908445,0.11012079122268995,0.31408783343480834,0.4811025643966814,0.5354319266241885,0.5491180466728011,0.5537052066480306,0.5481905241179432,0.5489649852275537,0.5381372184826075,0.521026268766207,0.4664729557175592,0.3128162951699092,0.09192350971894976,8.110766431049025e-05,0,0,0,0,0
Summer,0,0,0,1.3281817415673845e-05,0.0201645002235859,0.21112124128861845,0.432167827151085,0.5309942286923236,0.5748922110599717,0.5848675312857908,0.58244191124081,0.5807220284432544,0.5835564583259794,0.580244558362939,0.5671092911699359,0.5346906260137705,0.44180524893722783,0.22037056386756398,0.018446643465975625,0,0,0,0,0
Fall,0,0,0,0.0,0.0,0.014010697279663874,0.21043818166498204,0.42055304942555466,0.4862650754311977,0.48652257071554356,0.4712809047074725,0.46235333129534684,0.46128610645100043,0.4556876709483305,0.4243390648781831,0.30686695498816285,0.10782406338802872,0.003032793585950431,0.0,0,0,0,0,0
Summer Peak,0,0,0,0.0,0.0020368454911358813,0.12442384043448318,0.33980066606930326,0.5160661412637545,0.5167124480061341,0.504550130217717,0.5355924389047397,0.5520830533618207,0.5899213753702295,0.6342815199608332,0.6129729825151039,0.5770931657866334,0.4696887362348144,0.20006131434570218,0.001292613484759309,0,0,0,0,0
Winter Peak,0,0,0,0.0,0.0,0.0,0.0,0.04719997724651417,0.05955814556292515,0.09187348268190787,0.1560537007054875,0.17340605748574126,0.13764375107406704,0.06549241656113833,0.07138751745375276,0.06584494751152724,0.0,0.0,0.0,0,0,0,0,0
