solar pv dist,Hour0,Hour1,Hour2,Hour3,Hour4,Hour5,Hour6,Hour7,Hour8,Hour9,Hour10,Hour11,Hour12,Hour13,Hour14,Hour15,Hour16,Hour17,Hour18,Hour19,Hour20,Hour21,Hour22,Hour23
Winter,0,0,0,0.0,0.0,0.0,0.0306751966097551,0.17191231001181692,0.25863656737704255,0.26819200521576136,0.2672018255164825,0.2712420031783545,0.2758648791817775,0.40893606617497236,0.3061020333319752,0.1167882319383888,0.0107452834032843,0.0,0.0,0,0,0,0,0
Spring,0,0,0,0.0,0.005259056273175502,0.024864003096858316,0.3135951061488938,0.4177346073917117,0.4397105863656737,0.45373303858848457,0.45743093190986495,0.45696742186544953,0.45910669899352097,0.5220727557964223,0.478836436983008,0.4070280347174116,0.23700898496393794,0.10817611344281,0.0012479116580416446,0,0,0,0,0
Summer,0,0,0,2.6931239160176238e-05,0.011036421807840225,0.03784647039179566,0.3779880209848214,0.45607514892975254,0.47544948238158335,0.4809407620463434,0.4672462269333936,0.46567882881427125,0.4644561505563994,0.49763543720173636,0.47899094033114653,0.4170490902627413,0.32250697519094246,0.16165745618287386,0.014359736720205978,0,0,0,0,0
Fall,0,0,0,0.0,0.0,0.0,0.24201069337963035,0.3784895601272144,0.40916388833407585,0.3921981348041852,0.3765920998048766,0.3749366232888287,0.3753514526710404,0.44260374575568096,0.404462488669012,0.24067017991303946,0.06994484305621705,0.01565596816568593,0.0,0,0,0,0,0
Summer Peak,0,0,0,4.6860356138706655e-05,0.014761012183692593,0.043720712277413316,0.45955951265229616,0.5075445173383318,0.5143861293345829,0.5109184629803186,0.4664948453608247,0.49854732895970016,0.5190721649484537,0.5384723523898781,0.522211808809747,0.40637300843486407,0.29194001874414244,0.1854264292408622,0.020149953139643857,0,0,0,0,0
Winter Peak,0,0,0,0.0,0.0,0.0,0.01663542642924086,0.1880037488284911,0.3235238987816307,0.33359887535145266,0.31813495782567947,0.32942830365510767,0.33448922211808807,0.5148547328959698,0.41790065604498594,0.16832239925023432,0.011808809746954077,0.0,0.0,0,0,0,0,0
