Unit: dimensionless (ratio of electricity demand in this hour to annual demand),Hour0,Hour1,Hour2,Hour3,Hour4,Hour5,Hour6,Hour7,Hour8,Hour9,Hour10,Hour11,Hour12,Hour13,Hour14,Hour15,Hour16,Hour17,Hour18,Hour19,Hour20,Hour21,Hour22,Hour23
Winter,0,0,0,0.0,0.0,0.0,0.030090206185567,0.17258278662917842,0.261340206185567,0.2709172914714152,0.26932403936269905,0.2736664323648859,0.2783075601374571,0.4133493439550139,0.31076030927835063,0.11893548890971573,0.010789597000937208,0.0,0.0,0,0,0,0,0
Spring,0,0,0,0.0,0.005259056273175502,0.024864003096858316,0.3135951061488938,0.4177346073917117,0.4397105863656737,0.45373303858848457,0.45743093190986495,0.45696742186544953,0.45910669899352097,0.5220727557964223,0.478836436983008,0.4070280347174116,0.23700898496393794,0.10817611344281,0.0012479116580416446,0,0,0,0,0
Summer,0,0,0,2.8014343343792023e-05,0.0112388451978322,0.03816572266818792,0.38242125422761897,0.4588723972128275,0.47756560449859403,0.48256998492318975,0.4672053909783628,0.46746516034391405,0.4674244122081414,0.49985483476630926,0.4813399005745488,0.4164688684242697,0.3208457275579642,0.16294924819689494,0.014674422395175425,0,0,0,0,0
Fall,0,0,0,0.0,0.0,0.0,0.24201069337963035,0.3784895601272144,0.40916388833407585,0.3921981348041852,0.3765920998048766,0.3749366232888287,0.3753514526710404,0.44260374575568096,0.404462488669012,0.24067017991303946,0.06994484305621705,0.01565596816568593,0.0,0,0,0,0,0
Summer Peak,0,0,0,0.0,0.007497656982193065,0.03092783505154639,0.43064667291471415,0.4313495782567947,0.4247891283973758,0.41963448922211805,0.21040299906279286,0.3650421743205248,0.4611059044048735,0.4580599812558575,0.48851921274601684,0.2703842549203374,0.09465791940018743,0.04662605435801312,0.0021087160262417996,0,0,0,0,0
Winter Peak,0,0,0,0.0,0.0,0.0,0.0,0.026007497656982192,0.06373008434864105,0.0803655107778819,0.1126991565135895,0.1401124648547329,0.0888003748828491,0.06232427366447985,0.14409559512652295,0.058809746954076855,0.0,0.0,0.0,0,0,0,0,0
