solar pv,Hour0,Hour1,Hour2,Hour3,Hour4,Hour5,Hour6,Hour7,Hour8,Hour9,Hour10,Hour11,Hour12,Hour13,Hour14,Hour15,Hour16,Hour17,Hour18,Hour19,Hour20,Hour21,Hour22,Hour23
Winter,0,0,0,0.0,0.0,0.0,0.006719919990277573,0.14780242743669247,0.281582942679729,0.30403663757502,0.2970145002469272,0.2946422967036137,0.3042238016635867,0.3028742756639476,0.267293653216692,0.13227299358421785,0.015200316740891184,0.0,0.0,0,0,0,0,0
Spring,0,0,0,0.0,0.004219294334246115,0.10478110069964015,0.2988579044724788,0.4577741922046498,0.5094691565370045,0.5224916449070804,0.5268563762711869,0.521609097359586,0.5223460053186828,0.5120432704304082,0.4957620203104833,0.44385396439677344,0.29764802232853005,0.08746619436331313,7.717480275313346e-05,0,0,0,0,0
Summer,0,0,0,1.2637790127130911e-05,0.01918673581097667,0.20088410006572588,0.4112122707535734,0.5052466398922322,0.5470160356612286,0.5565076586462018,0.5541996554492556,0.5525631687277079,0.5552601588207711,0.5521088508826298,0.5396105048465623,0.5087638011445625,0.4203823797897195,0.20968492859036014,0.01755217688792353,0,0,0,0,0
Fall,0,0,0,0.0,0.0,0.01333132704762248,0.20023416158986287,0.4001606865708767,0.4626863762033714,0.4629313856972113,0.4484287788498596,0.4399340980696635,0.43891862231215206,0.43359165155892315,0.4037631204254431,0.29198716205175124,0.10259573980773874,0.00288573526036578,0.0,0,0,0,0,0
Summer Peak,0,0,0,0.0,0.0019380800859369583,0.11839060371112974,0.32332393741352133,0.491042406388835,0.4916573741084112,0.4800847997491145,0.5096218856742114,0.5253128802161241,0.5613164448894914,0.6035255929149455,0.5832502935543742,0.5491102674251769,0.4469138136628858,0.19036046228698103,0.0012299354391523002,0,0,0,0,0
Winter Peak,0,0,0,0.0,0.0,0.0,0.0,0.04491127891450066,0.05667020712821433,0.08741859310702182,0.14848675119947768,0.16499770270082526,0.13096948888427828,0.062316728917049875,0.06792597993500205,0.06265216585500051,0.0,0.0,0.0,0,0,0,0,0
