Unit: dimensionless (ratio of electricity demand in this hour to annual demand),Hour0,Hour1,Hour2,Hour3,Hour4,Hour5,Hour6,Hour7,Hour8,Hour9,Hour10,Hour11,Hour12,Hour13,Hour14,Hour15,Hour16,Hour17,Hour18,Hour19,Hour20,Hour21,Hour22,Hour23
Winter,0.0,0.0,0.0,0.0,0.0,0.010408396898913302,0.01488596457600501,0.013530553559224518,0.008955135354183415,0.008955135354183415,0.008955135354183415,0.008955135354183415,0.008955135354183415,0.008955135354183415,0.008955135354183415,0.008955135354183415,0.030464131034911284,0.0957956668624566,0.09471931105501324,0.03469707239212951,0.009647337237084682,0.0,0.0,0.0
Spring,0.0,0.0,0.0,0.0,0.0,0.0,0.0,0.0,0.0,0.0,0.0,0.0,0.0,0.0,0.0,0.0019475564016980809,0.017468919132221497,0.07023493450589828,0.07342807613052704,0.03429022849009194,0.005190332352098283,0.0,0.0,0.0
Summer,0.05445594598922788,0.05445594598922788,0.05445594598922788,0.05445594598922788,0.05445594598922788,0.05445594598922788,0.05445594598922788,0.05445594598922788,0.05445594598922788,0.059213750645317975,0.11815333072923187,0.17116279065312084,0.24529283796241527,0.3409240024880294,0.38761099472436705,0.4260066910175531,0.5084942133710275,0.5472515311805483,0.5154075658891912,0.327581823012804,0.1678751074555942,0.05829906092753017,0.05445594598922788,0.05445594598922788
Fall,0.0,0.0,0.0,0.0,0.0,0.0,0.0,0.0,0.0,0.0,0.0,0.0,0.0058710316769636315,0.013684815183887906,0.03651660503874648,0.04217375578030159,0.05328130569251695,0.0656507531236425,0.05158451693827608,0.031223051887385826,0.0,0.0,0.0,0.0
Summer Peak,0.0,0.0,0.0,0.0,0.0,0.0,0.0,0.0,0.0,0.0,0.0,0.0,0.0,0.5373081212510049,0.7116995066185914,0.7153960821189018,0.7360534157971071,0.7360534157971071,0.7360534157971071,0.7153960821189018,0.1193776440982605,0.0,0.0,0.0
Winter Peak,0.0,0.0,0.0,0.0,0.0,0.0,0.0,0.0,0.0,0.0,0.0,0.0,0.0,0.0,0.0,0.0,0.0,0.0,0.0,0.0,0.0,0.0,0.0,0.0
