Unit: dimensionless (ratio of electricity demand in this hour to annual demand),Hour0,Hour1,Hour2,Hour3,Hour4,Hour5,Hour6,Hour7,Hour8,Hour9,Hour10,Hour11,Hour12,Hour13,Hour14,Hour15,Hour16,Hour17,Hour18,Hour19,Hour20,Hour21,Hour22,Hour23
Winter,0,0,0,0.0,0.0,0.0,0.009117186611742281,0.20838646481078196,0.40033737394939634,0.43199608182684807,0.4216118297343864,0.41768272417985125,0.43076225085054076,0.42960735182221266,0.38063302984983244,0.18875055755254114,0.021486107102563427,0.0,0.0,0,0,0,0,0
Spring,0,0,0,0.0,0.005940572599329909,0.14752697641681084,0.4207782007508564,0.6445250336813072,0.7173091687305143,0.7356442341367033,0.7417895753930818,0.7344016477317451,0.7354391802865392,0.720933402844402,0.6980101505933727,0.6249259923864846,0.41907474227098135,0.12314838369653626,0.00010865857706887641,0,0,0,0,0
Summer,0,0,0,1.7681973171313217e-05,0.027595000678759602,0.2866407559214647,0.5846051045004612,0.7180660712594926,0.7755678480126031,0.7881873581877229,0.7852567137311359,0.783126035963992,0.787238805885017,0.7832010417534132,0.7656034857443367,0.7220105772422739,0.5971290749818332,0.298927445730602,0.02539017270154312,0,0,0,0,0
Fall,0,0,0,0.0,0.0,0.018769896076937742,0.2819205012875861,0.5634078643619298,0.651441163098689,0.6517861252109237,0.6313671209814817,0.619407000666267,0.6179772574479774,0.6104771273344621,0.5684799257428192,0.41110451104631474,0.14445008867074743,0.0040629826835041445,0.0,0,0,0,0,0
Summer Peak,0,0,0,0.0,0.0027287277306955633,0.16668853147220106,0.45522525122661556,0.691365150998347,0.69223099729751,0.6759373442132605,0.7175242043397265,0.7396164038517041,0.7903077690027024,0.8497363104452549,0.8211896203395167,0.7731220318526486,0.6292341195917402,0.2680187862409152,0.0017316925983260304,0,0,0,0,0
Winter Peak,0,0,0,0.0,0.0,0.0,0.0,0.06323301760554141,0.07978904835620393,0.12308136331435468,0.2090625245979062,0.2323091858421011,0.18439902395508093,0.08773909164851887,0.09563665940755123,0.08821137144806233,0.0,0.0,0.0,0,0,0,0,0
